{"cameraMode":{"drawMode":0,"name":"Shaded","section":"Shading Mode"},"sceneLighting":true,"audioPlay":false,"sceneViewState":{"m_AlwaysRefresh":false,"showFog":true,"showSkybox":true,"showFlares":true,"showImageEffects":true,"showParticleSystems":true,"showVisualEffectGraphs":true,"m_FxEnabled":true},"in2DMode":false,"pivot":{"x":14.496906280517579,"y":-126.44125366210938,"z":159.67391967773438},"rotation":{"x":-0.39068466424942019,"y":0.06122974306344986,"z":-0.026071518659591676,"w":-0.9181393384933472},"size":108.60256958007813,"orthographic":false}